{"IcoMoonType":"selection","icons":[{"icon":{"paths":["M1024 512c0-282.77-229.23-512-512-512s-512 229.23-512 512 229.23 512 512 512 512-229.23 512-512zM96 512c0-229.75 186.25-416 416-416s416 186.25 416 416-186.25 416-416 416-416-186.25-416-416z","M317.256 354.744l-90.512 90.512 285.256 285.254 285.254-285.256-90.508-90.508-194.746 194.744z"],"attrs":[],"isMulticolor":false,"isMulticolor2":false,"tags":["circle-down","down","circle-bottom","arrow"],"defaultCode":59971,"grid":16},"attrs":[],"properties":{"ligatures":"circle-down, down3","name":"circle-down","order":5,"id":0,"prevSize":32,"code":59971},"setIdx":0,"setId":3,"iconIdx":0},{"icon":{"paths":["M384 928c0 53.019-42.981 96-96 96s-96-42.981-96-96c0-53.019 42.981-96 96-96s96 42.981 96 96z","M1024 928c0 53.019-42.981 96-96 96s-96-42.981-96-96c0-53.019 42.981-96 96-96s96 42.981 96 96z","M1024 512v-384h-768c0-35.346-28.654-64-64-64h-192v64h128l48.074 412.054c-29.294 23.458-48.074 59.5-48.074 99.946 0 70.696 57.308 128 128 128h768v-64h-768c-35.346 0-64-28.654-64-64 0-0.218 0.014-0.436 0.016-0.656l831.984-127.344z"],"tags":["cart","purchase","ecommerce","shopping"],"defaultCode":59706,"grid":16,"attrs":[]},"attrs":[],"properties":{"ligatures":"cart, purchase","name":"cart","order":10,"id":59,"prevSize":32,"code":59706},"setIdx":2,"setId":1,"iconIdx":58},{"icon":{"paths":["M512 0c282.77 0 512 229.23 512 512s-229.23 512-512 512v0c-282.77 0-512-229.23-512-512s229.23-512 512-512v0zM102.4 512c0 226.216 183.384 409.6 409.6 409.6s409.6-183.384 409.6-409.6v0c0-226.216-183.384-409.6-409.6-409.6s-409.6 183.384-409.6 409.6v0zM642.048 547.84l-181.248 181.76-72.192-72.192 143.872-145.408-143.36-144.896 71.68-72.192 217.088 217.088-35.84 35.84z"],"attrs":[],"isMulticolor":false,"isMulticolor2":false,"tags":["cheveron-outline-right"],"grid":20},"attrs":[],"properties":{"id":80,"order":9,"prevSize":20,"code":59648,"name":"cheveron-outline-right"},"setIdx":1,"setId":2,"iconIdx":79}],"height":1024,"metadata":{"name":"icomoon"},"preferences":{"showGlyphs":true,"showQuickUse":true,"showQuickUse2":true,"showSVGs":true,"fontPref":{"prefix":"icon-","metadata":{"fontFamily":"icomoon"},"metrics":{"emSize":1024,"baseline":6.25,"whitespace":50},"embed":false},"imagePref":{"prefix":"icon-","png":true,"useClassSelector":true,"color":0,"bgColor":16777215,"classSelector":".icon","name":"icomoon"},"historySize":50,"showCodes":true,"gridSize":16}}